{
    "nn_config": {
        "output_format": "detection",
        "NN_family": "YOLO",
        "input_size": "416x416",
        "NN_specific_metadata": {
            "classes": 9,
            "coordinates": 4,
            "anchors": [
                10.921875,
                76.3125,
                78.0625,
                22.046875,
                30.484375,
                69.625,
                50.53125,
                130.375,
                125.375,
                62.1875,
                113.8125,
                111.8125,
                121.125,
                262.0,
                236.25,
                137.625,
                650.5,
                510.75
            ],
            "anchor_masks": {
                "side52": [
                    0,
                    1,
                    2
                ],
                "side26": [
                    3,
                    4,
                    5
                ],
                "side13": [
                    6,
                    7,
                    8
                ]
            },
            "iou_threshold": 0.5,
            "confidence_threshold": 0.5
        }
    },
    "mappings": {
        "labels": [
            "bin_empty",
            "handle",
            "image_badge",
            "image_bootlegger",
            "image_gman",
            "image_tommygun",
            "lid_empty",
            "marker",
            "qual_gate"
        ]
    }
}